SongNumber,SongID,AlbumID,AlbumName,ArtistID,ArtistLatitude,ArtistLocation,ArtistLongitude,ArtistName,Danceability,Duration,KeySignature,KeySignatureConfidence,Tempo,TimeSignature,TimeSignatureConfidence,Title,Year
1,"SOXZLDX12A58A7CE52",282493,"Live at the Grand Olympic Auditorium","ARCE0H01187B9AF741",,"Los Angeles CA",,"Rage Against The Machine",0.0,201.56036,9,0.539,140.63,1,0.0,"Kick Out The Jams",2000
2,"SOTNBNN12A6D4F6CC7",160605,"Straight Outta Compton","ARSL5SP1187B9A7AE0",34.05349,"Compton California USA.",-118.24532,"N.W.A.",0.0,168.75057,9,0.445,97.099,4,1.0,"A B***** Is A B***** (Edited)",1989
3,"SOSKUNI12AB0187F12",559004,"Revolutions Per Minute","ARZWK2R1187B98F09F",,"Chicago",,"Rise Against",0.0,218.8273,4,0.355,186.254,4,0.526,"Amber Changing",2003
4,"SOEESQT12A8C13C7D5",161810,"Take One More Chance With Me","ARW4AGO1187FB4F107",33.45081,"Indianola MS",-90.645,"Jazz Gillum",0.0,185.67791,0,0.04,101.41,1,0.0,"Me And My Buddy",0
5,"SONCYFS12A8C14261E",312976,"Kivenkantaja","ARSTH0R1187B98951E",,"",,"Moonsorrow",0.0,356.49261,9,0.764,124.237,4,0.0,"Ukkosenjumalan poika",2001
6,"SOSLFMU12AB018FFEA",681616,"Psycho Drama","ARDOOH01187B991055",,"",,"Ultraviolence",0.0,303.04608,1,0.745,210.47,4,0.418,"Murder Academy",1995
7,"SORJOMF12AB0186F78",644965,"I Need You Now","ARTXEZN1187B9B8190",62.19845,"Sweden",17.55142,"Agnes",0.0,275.06893,7,0.727,124.009,4,0.944,"I Need You Now",0
8,"SOVGBEK12A8C134E04",152247,"Britten: Orchestral Works","ARBH0MS1187FB36311",,"",,"Sir Neville Marriner",0.0,315.27138,4,0.517,100.349,1,0.0,"4 Sea Interludes Op. 33a: Storm",0
9,"SOOKISK12AB0180667",405643,"Issues","ARMBTFC1187FB56343",,"Bakersfield CA",,"Korn",0.0,224.522,7,0.435,94.057,4,1.0,"Hey Daddy",1999
10,"SOBOCAG12A6BD55D56",74586,"Strength & Loyalty","ARUZRFN1187B98AC05",,"Cleveland OH",,"Bone Thugs-N-Harmony / Akon",0.0,286.30159,1,0.529,154.09,4,0.625,"Never Forget Me",2007
11,"SOFSKON12A8C13B3B5",2016,"The Altogether","ARD5K161187B9AC784",51.27562,"Sevenoaks United Kingdom",0.17898,"Orbital",0.0,327.8624,0,0.509,125.975,4,0.794,"Illuminate",2001
12,"SOVZVPT12AB018A59E",590998,"4 Day Tornado","ARMZ4PD1187B9ACBCD",,"",,"20/20",0.0,302.36689,6,1.0,101.229,4,0.634,"It Goes On",0
13,"SOZWDHS12AB0188A33",509285,"Ao Vivo","AR0CWSC1187B9AFE3F",,"",,"Jos\xc3\xa9 Augusto",0.0,284.70812,0,0.106,98.859,4,0.326,"Pecado De Amor",0
14,"SOIKVVS12AB0184063",662558,"Get Ready To Roll","ARDQO721187FB3C6D9",,"",,"Rodney O & Joe Cooley",0.0,172.01587,1,0.035,175.393,4,0.751,"Nutty Block",1991
15,"SOMWLCK12A8C135D69",285631,"Echoes","AR7JBP41187FB3EA8A",,"Los Angeles CA",,"Gene Clark",0.0,168.38485,9,0.327,98.49,1,0.0,"Set You Free This Time",1998
16,"SOHCENZ12A8C13AC85",99987,"Hai Shava","ARH4N0N1187FB3E1F1",,"",,"Malkit Singh",0.0,324.51873,5,0.75,210.305,4,0.561,"Hai Shava",1993
17,"SOVKCDB12A6D4FB2AB",60518,"Love Among The Young","AR9YQN31187FB45B34",39.95227,"Philadelphia PA",-75.16237,"James Darren",0.0,145.00526,5,0.378,141.024,4,1.0,"Hello Young Lovers (LP Version)",0
18,"SOONOZL12A6D4FC475",345570,"Ministry of Sound Presents 100","ARV3IN31187FB4AAAE",,"",,"Till West & DJ Delicious",0.0,153.28608,1,0.087,125.558,4,1.0,"Same Man",2006
19,"SOIHZMH12AB017DF93",441344,"Cinema Do Mar","ARCID1N1187FB51DA0",,"",,"Carlos Nu\xc3\xb1ez",0.0,215.35302,9,0.779,211.327,3,1.0,"Quiero Ir Ao Mar",2005
20,"SOMCCPJ12A8C142B6B",380099,"STRATA","AR4IWYN1187FB47DF6",37.28848,"Campbell CA",-121.94486,"Strata",0.0,377.67791,2,0.656,109.671,5,0.824,"Part One From Triomusic",2004
21,"SOCQJBX12AF72AA6F2",287318,"Essential Igor Stravinsky","ARKCTSM11F4C83C839",,"",,"Igor Stravinsky",0.0,156.70812,11,0.388,147.637,4,0.187,"The Owl and the Pussy-cat",0
22,"SOYCTBG12A8C144341",375715,"Love From&The Rat Pack","ARIFGKC1187B9B04D5",,"Steubenville OH",,"Dean Martin",0.0,165.66812,0,0.301,128.459,5,0.937,"Until You Love Someone",2005
23,"SOGOQGE12AB0182907",624887,"Hitzone 49","ARVG4OK1187B9B6BD3",,"",,"The Killers",0.0,284.3424,4,0.49,151.953,4,0.198,"Spaceman",2008
24,"SONIHLC12AB0187B0C",811387,"Za Solntsem Vsled","ARYFROT1187B9B78C2",,"",,"Butterfly Temple",0.0,100.5971,8,0.246,159.895,5,0.298,"Iskorosten' (instr.)",0
25,"SOWTIDJ12AB018808C",726003,"Il meglio di Gloriana","ARGCY1Y1187B9A4FA5",36.16778,"Nashville TN.",-86.77836,"Gloriana",0.0,179.06893,0,0.437,161.054,4,0.67,"Pulecenella 'e m\xc3\xb2",0
26,"SOLBHCO12AB018769A",460988,"Time Will Tell","ARIN12F1187FB3E92C",30.24216,"PEARLINGTON Mississippi",-89.60586,"Grant Geissman",0.0,320.60036,9,0.802,128.219,4,0.859,"Big Stax/High Volts (Album Version)",0
27,"SOAGHMH12AB0180285",546663,"Maurice Chevalier  The Essential Collection Vol 1","AR1X2H01187B98CCF2",,"Menilmontant France",,"Maurice Chevalier",0.0,193.20118,0,0.371,140.956,7,0.866,"Ma Louise",0
28,"SOOVOKS12AB017EE57",401583,"Le top du p\xc3\xa8re N\xc3\xb6el","AR107SB1187B9A79F9",,"B\xc3\xa9zu comme Superdupont ne connait qu&#039;un pays : la France !",,"B\xc3\xa9zu",0.0,285.64853,8,0.508,126.88,4,0.0,"Le tortillard",0
29,"SOTWEZZ12A8C142B60",475992,"Grim Prospects Remixes - Grim Prospects Will Never End","AR3WMW01187B9921F7",,"",,"Schizoid",0.0,275.40853,9,0.376,102.408,4,0.395,"Grim Prospects (Gross Prospects - Bad Trip Remix)",0
30,"SOFXNQP12AB0184F1A",704183,"The Equinox","AR9ODB41187FB459B2",,"SPRINGFIELD Virginia",,"Organized Konfusion",0.0,198.3473,11,0.306,175.769,4,0.7,"Hate",1997
31,"SOGYYLE12A8C13E5EA",217058,"20 Suosikkia / Rilluttele y\xc3\xb6","ARL6XZC1187FB3936E",,"",,"Solistiyhtye Suomi",0.0,134.08608,4,0.718,133.699,1,0.0,"Ter\xc3\xa4slintu",0
32,"SOIQHDR12AB01896C8",766444,"Spontanous Combustion","AR4PCIG1187B98D07D",36.16778,"Nashville TN",-86.77836,"Ellen McIlwaine",0.0,275.12118,7,0.699,132.428,4,0.281,"Spontanous Combustion",0
33,"SOUVRGZ12A58A77F90",495041,"The Incredible Kai Winding Trombones","AR3C3C01187B98E800",56.153,"Aarhus Denmark",10.20452,"Kai Winding",0.0,223.4771,0,0.0,112.006,4,0.844,"Mangos",1961
34,"SORAVUP12AB018556E",548374,"Dave Pearce Best of the Dance Years 1988 - 1992","ARBQBZV1187B99D29E",,"",,"Carl Cox Vs Yousef",0.0,357.82485,1,0.485,130.016,5,1.0,"I Want You (Forever)",1991
35,"SODLSHA12AAF3B29F2",432406,"From All Sides","AR1RHCO1187B9AF0BF",37.77916,"San Francisco CA",-122.42005,"Vince Guaraldi / Bola Sete",0.0,294.66077,5,0.238,168.307,4,0.0,"Choro",0
36,"SOXVBVL12AF72A600C",341940,"Praise Him...Live!","ARVJ0JK1187B98C9C0",,"",,"The Brooklyn Tabernacle Choir",0.0,324.44036,7,0.558,216.195,5,1.0,"Lead Me Lord",1995
37,"SOBLTSM12A6D4F9EEA",225610,"Staying on the Watch","ARDD9UN1187B98D3A7",31.84666,"Sicily Island LA",-91.657,"Sonny Simmons",0.0,443.24526,1,0.0,45.527,4,0.0,"A Distant Voice",0
38,"SOITUXQ12AB0183AE9",489673,"The Fabulous Eddie Cantor","ARSDSMG1187B98CB59",40.71455,"New York NY",-74.00712,"Eddie Cantor",0.0,155.61098,11,0.599,118.975,1,0.003,"Now's The Time To Fall In Love",0
39,"SOUQVUD12A8C142DCE",473710,"Openbare Weg","ARJGNV61187B98F3B5",,"Tallahassee FL",,"Mira",0.0,177.81506,4,0.695,85.621,4,0.612,"Openbare Weg",2006
40,"SOCRPDR12AB0185B75",710902,"Tip World Singles 2000","ARSVI4L1187B996181",,"",,"Citizen Kaned",0.0,385.33179,8,0.822,108.061,4,1.0,"President Johnson",2000
41,"SORWHWY12A6702038E",8552,"Malpractice","ARXWAQQ1187B9AE954",,"Newark NJ",,"Redman",0.0,124.18567,1,0.074,85.008,5,1.0,"WKYA (drop)",2001
42,"SOCWXYM12AB018BDF3",577462,"Ultimate Happy Hardcore 3","ARHVU591187B99F46A",,"",,"The Nightraver & The Magican",0.0,233.53424,6,0.741,184.981,4,0.32,"Drop the Bass",0
43,"SOVRJYX12AB01844E1",509726,"De Musica Ligera","ARBJSO81187B9BA09B",,"",,"Soda Stereo",0.0,340.29669,7,0.403,91.328,4,0.884,"Terapia De Amor Intensiva",1988
44,"SORKRKK12A8C13C12F",157419,"Miscelanea","ARGNGRI11E2835D567",,"",,"Tam Tam Go!",0.0,226.82077,9,0.51,119.524,4,0.941,"Spanish Shuffle (Album Version)",0
45,"SOSYVIZ12A8C141964",611258,"Dirty Harriet","ARV2V751187FB4330F",40.14323,"New Jersey",-74.72671,"Rah Digga (Featuring Outsidaz)",0.0,256.80934,7,0.638,201.802,3,0.896,"The Last Word (Amended Version)",2000
46,"SOXSUNF12A8C134195",146292,"Virtuous Woman","ARN5W1B1187B98BE10",,"",,"Warrior King",0.0,224.28689,10,0.693,241.877,4,0.947,"Empress So Divine",2002
47,"SOQPPKZ12A58A7B1EC",448373,"500","ARQDYV0119B866800F",,"",,"Gertrudis",0.0,106.52689,9,0.0,97.76,4,0.832,"Intro",2009
48,"SOAESJW12A8C137CC2",206882,"Exclusively","AR3PN3R1187FB4CEBD",18.01571,"Kingston Jamaica",-76.79731,"Horace Andy",0.0,234.44853,10,0.166,102.055,1,0.0,"Musical Episode",2005
49,"SOCLQKJ12AF72A4AB0",556140,"No Regrets","AR02PUA1187FB52574",,"",,"Delta 9",0.0,94.06649,2,0.171,109.636,5,0.935,"Infidel",0
50,"SOHCYVK12AB017BBF2",493266,"Country Masters Vol 1","ARQGYP71187FB44566",34.31109,"Mineola AR",-94.02978,"Jimmy Wakely",0.0,155.95057,2,0.745,109.065,1,0.04,"Beautiful Brown eyes",2001
51,"SOOGRLD12A8C132B2F",287672,"Candy From A Stranger","ARQXR6R1187FB46FD6",,"Minneapolis MN",,"Soul Asylum",0.0,279.2224,11,0.905,68.734,4,0.0,"Lies Of Hate",1998
52,"SODAEVD12AB01886BB",662561,"Music For Christmas Lovers","ARP8TSJ1187FB54852",,"",,"Carl Doy with NZSO",0.0,158.56281,2,0.954,94.658,3,0.653,"The First Noel",0
53,"SOMOHEI12AB018785F",467695,"My Soul Speaks","ARETCTY1187FB4C033",,"",,"LORE",0.0,216.55465,8,0.9,130.062,4,0.281,"Haunting",0
54,"SODWXQV12A6310F10D",314,"Sleeping With Ghosts","AR6892W1187B9AC71B",,"London England",,"Placebo",0.0,241.52771,10,0.532,108.264,4,0.902,"English Summer Rain",2003
55,"SOHUOAP12A8AE488E9",135122,"Outskirts","ARD842G1187B997376",43.64856,"Toronto Ontario Canada",-79.38533,"Blue Rodeo",0.0,491.12771,7,1.0,119.826,4,0.756,"Floating",1987
56,"SOXLBJT12A8C140925",372309,"Gold","ARYKCQI1187FB3B18F",,"",,"Tesla",0.0,290.29832,7,0.725,150.062,4,0.931,"Caught In A Dream",2004
57,"SORAMLE12AB017C8B0",815863,"Arrivederci","ARHHO3O1187B989413",,"",,"Bob Azzam",0.0,191.84281,10,0.0,137.334,1,0.319,"Auguri Cha Cha",0
58,"SOWTBJW12AC468AC6E",605134,"1942-1952 Jimmy Wakely","ARQGYP71187FB44566",34.31109,"Mineola AR",-94.02978,"Jimmy Wakely",0.0,151.84934,1,0.799,86.186,3,0.929,"Broken-Down Merry-Go-Round",0
59,"SOKEJEJ12A8C13E0D0",163874,"The Way Home","ARC43071187B990240",,"Wisner LA",,"Wayne Watson",0.0,245.21098,7,0.07,117.975,4,0.835,"The Urgency (LP Version)",0
60,"SOZVMJI12AB01808AF",541101,"Whatever Happened To Boredom?","ARNPAGP1241B9C7FD4",,"",,"lextrical",0.0,165.69424,7,0.011,138.331,4,0.127,"Synthetic Dream",0
61,"SOBEBDG12A58A76D60",239740,"All The Good Times","ARI3BMM1187FB4255E",38.8991,"Washington",-77.029,"Alice Stuart",0.0,220.78649,11,0.809,110.382,1,0.192,"Kassie Jones",0
62,"SOBONFF12A6D4F84D8",25811,"Dancing On The Ceiling","ARIK43K1187B9AE54C",,"Beverly Hills CA",,"Lionel Richie",0.0,307.3824,3,0.524,125.197,3,0.211,"Tonight Will Be Alright",1986
63,"SOMUYGI12AB0188633",575792,"Placer & Castigo","ARL7K851187B99ACD2",,"",,"Andy Andy",0.0,226.35057,9,0.205,130.04,4,0.0,"La Culpa",0
64,"SOUQQEA12A8C134B1B",149958,"Cross Currents","ARIG6O41187B988BDD",37.16793,"United States",-95.84502,"Richard Souther",0.0,228.5971,8,0.041,127.756,5,0.579,"High Tide",0
65,"SOILPQQ12AB017E82A",535188,"Panjtan Ka Ghulam","AR1ZHYZ1187FB3C717",,"",,"Faiz Ali Faiz",0.0,599.24853,6,0.06,99.273,4,0.158,"Sohna Nee Sohna Data",0
66,"SOQKKPE12A8C13C2CD",512607,"Northern Downpour","ARL6FF81187FB5A916",,"Las Vegas NV",,"Panic At The Disco",0.0,247.77098,5,0.454,85.157,4,0.0,"Northern Downpour (Album Version)",0
67,"SOEGTAN12A6D4F8726",34505,"Disque Path\xc3\xa9","ARKA2YS1187B9A4060",,"",,"Mich\xc3\xa8le Arnaud",0.0,176.27383,3,0.0,49.262,4,0.0,"Marie D'Aquitaine",0
68,"SORJXPY12AB0182839",331289,"Love Is A Sometimes Thing","AR9EZGO1187B9A401F",36.73112,"West Plains MO",-91.85307,"Jan Howard",0.0,165.98159,1,0.49,86.162,4,1.0,"Bad Seed",0
69,"SOEMLQO12AB01808B6",332859,"Dreamboats & Petticoats 2","ARALP6I1187B989E27",40.86034,"Passaic NJ",-74.12374,"The Shirelles",0.0,159.76444,0,0.603,68.283,4,0.692,"Will You Love Me Tomorrow",1960
70,"SORHXYU12A8C13716B",150516,"Talento","ARAHQDS1187FB55275",,"",,"Maysa",0.0,150.25587,10,0.038,137.673,7,0.415,"Bloco Da Solidao (1996 Digital Remaster)",0
71,"SOIRGRL12AB0186BC2",552899,"Guidum","ARLDW6Z1187FB3F2A0",19.4319,"Mexico City Mexico",-99.13285,"Abraham Laboriel",0.0,368.16934,11,0.252,93.106,4,0.0,"Exchange",1995
72,"SOITEVV12A6D4F5969",79227,"Voices of Angles - Christmas Favorites from the American Boychoir","AR23EC41187FB4805D",40.14323,"New Jersey",-74.72671,"The American Boychoir",0.0,230.26893,2,1.0,0.0,1,0.0,"Stille nacht_ heilige nacht",0
73,"SOWNSZY12AB0180BCF",555209,"Cream Trance Anthems Ibiza 2009","AR8JSAL1187FB3CE7E",,"",,"JDS",0.0,465.60608,1,0.533,134.014,4,0.109,"Nine Ways",0
74,"SOBJYXZ12A8AE45FF1",382970,"The Pink & The Lily","ARY80281187FB3E380",56.65286,"Scotland",-3.99667,"Sandi Thom",0.0,205.21751,4,0.666,82.205,4,0.945,"Wounded Hearts",2008
75,"SOGVRHK12A8AE47FFB",281210,"Once More","ARNILB71187B99EC88",34.05349,"Los Angeles CA",-118.24532,"Billy Higgins_ Bob Berg_ Cedar Walton_ Tony Dumas",0.0,431.64689,11,0.191,106.219,1,0.0,"Estate",0
76,"SOGGYSM12A58A79111",495430,"Harry / Silent Mother Nature","AR0OEYB1187FB4A81E",53.93063,"Yorkshire England",-1.20788,"Catherine Howe",0.0,183.37914,4,0.686,172.337,4,0.0,"Freedom Enough (From Silent Mother Nature)",0
77,"SOGBRIU12A582A214C",530802,"The Last Living American Marxists","ARQCMZ01187B99342C",,"",,"The Secret Life of Teenage Girls",0.0,153.20771,0,0.0,88.935,4,0.777,"Carpe PM",0
78,"SOFOGMR12A8C140FFF",171820,"Coda","ARDIBRT1187B9AF176",,"England",,"Led Zeppelin",0.0,182.09914,1,0.076,210.8,7,0.411,"Poor Tom (Album Version)",1982
79,"SOLCPEB12A58A7BF47",327425,"Greatest Hits","ARSZ6MA1187FB43D29",,"",,"The Notorious B.I.G.",0.0,316.65587,4,0.613,91.69,4,0.825,"Who Shot Ya (Amended Album Version)",2007
80,"SOGJSEF12AB01847D4",663608,"20 Greatest Hits","ARXSPYZ1187B98972A",36.2929,"Salina OK",-95.15261,"Carl Belew",0.0,131.05587,4,0.64,121.563,1,0.0,"Love's Been Good To Me",0
81,"SOCVGQS12A8C13D7DF",216819,"Coastal","ARR2TI31187FB380FE",,"",,"The Field Mice",0.0,316.73424,3,0.356,162.682,4,0.0,"When Morning Comes To Town",1989
82,"SOJBYGW12A8C13A497",264857,"Death ... Is just the beginning Vol.4","ARLSF8H1187B9A76B0",,"Oslo Norway",,"Dimmu Borgir",0.0,282.53995,6,0.34,140.458,3,0.595,"Master Of Disharmony",1996
83,"SOWDEPU12A8C137B14",245279,"Time and Space","AR4K59J1187FB3759B",44.11559,"Oregon",-120.51484,"Soular",0.0,244.45342,6,0.516,146.577,5,1.0,"Everything Changes",0
84,"SOMKMPB12A8C1447D0",754188,"Punk International","ARD3LXU1187B9ABFC5",,"",,"Sex Pistols",0.0,216.60689,9,0.558,145.518,4,0.675,"God Save the Queen (Live)",1988
85,"SONRSQW12A6D4F6D1C",53826,"The B52's","ARVML631187B99E90D",,"Athens GA",,"The B-52's",0.0,261.74649,0,0.427,124.086,4,0.366,"Wig",1986
86,"SOSGQPS12A8AE48538",279702,"Forever","ARXOTQH1187FB57084",,"Fairfax California",,"Chris Brown",0.0,363.59791,1,0.638,139.998,4,0.548,"Forever",0
87,"SOJHKYL12A6D4FA0AC",52141,"Dark Days In Paradise","AR56P361187B9AC4DB",54.5958,"Belfast Northern Ireland",-5.93494,"Gary Moore",0.0,345.93914,2,0.04,153.862,4,0.404,"What Are We Here For",1997
88,"SOKENJQ12AB017EC8C",409251,"Breaks_ Beats & Blondes","ARMG6K31187FB55677",,"",,"Deekline & Wizard",0.0,271.77751,0,0.674,90.648,3,1.0,"Sun Is Shining",2004
89,"SONTBYD12A58A77A29",215830,"Moments","ARBKMHZ11F4C843491",,"",,"Dakis",0.0,172.25098,2,0.558,66.765,1,0.805,"Perasmena Mesanihta",0
90,"SOBNTXB12A8C1428BA",646806,"Reiki - Spiritual Fitness_ Relaxation and Chakra Meditation","ARFUSID1241B9C9462",44.41033,"Genova",8.93889,"Daniela Dess\xc3\xac",0.0,330.65751,2,0.706,140.334,4,0.103,"New Age",0
91,"SOQDTQP12A6D4F793F",23178,"Live In Tokyo","ARDG9Z71187B997023",51.50632,"London England",-0.12714,"Public Image Ltd",0.0,388.28363,0,0.551,132.506,4,0.195,"(This Is Not A) Love Song (Live)",1983
92,"SOJVWBA12AB018C326",755756,"Une petite pause","ARDDHGI126E2B3AA76",,"",,"Pascal Sangla",0.0,243.1473,9,0.847,93.238,4,0.521,"Une petite pause",2010
93,"SOLBIIE12AB0184DFC",558289,"Venus Envy","AR1GYND1187B9A9CD3",38.43773,"Santa Rosa California",-122.71242,"Diesel Boy",0.0,124.15955,11,0.724,133.729,1,0.046,"Cooler Than You",1998
94,"SONIQSB12AB0189829",766687,"End Of The Road - Single","ARC25S11187B993923",,"",,"Bandido",0.0,333.13914,6,0.598,144.812,1,0.091,"End Of The Road (Head Horny\x19s Remix)",0
95,"SOFQGCQ12AB0183609",517634,"Manila Nights","ARWGIOC1187FB4CBEF",37.16793,"United States",-95.84502,"Jim Chappell",0.0,263.94077,0,0.693,76.693,4,0.524,"Still",0
96,"SORHOEV12A81C20F71",275722,"Freddy's Favorites: The Best of A Nightmare On Elm Street","AR1PCLK1187FB5BBFF",40.14323,"New Jersey",-74.72671,"Angelo Badalamenti",0.0,167.3922,4,0.694,139.136,4,0.63,"Taryns Deepest Fear",0
97,"SOYNEII12AB0181DB6",545429,"7 Miles","ARKE8PP1187B997DD4",,"",,"Brixx",0.0,349.12608,11,0.7,138.003,4,0.0,"7 Miles",0
98,"SOEBDBO12AC4688712",686750,"Snapshot","ARZHLNX1187FB4B8E7",40.71455,"NY - New York City",-74.00712,"Ladybug",0.0,341.36771,10,0.432,126.95,4,0.575,"Snapshot",0
99,"SOKIGWD12A6701DE9D",15567,"Things Falling Apart","ARK9TRQ1187B99C095",41.50471,"Cleveland OH",-81.69074,"Nine Inch Nails",0.0,168.56771,7,0.576,130.284,4,0.706,"The Frail",1999
100,"SOFPYXC12A58A7A4B9",179267,"Bitter Suites to Succubi","ARF0W6Z1187B9AC325",,"",,"Cradle Of Filth",0.0,321.35791,2,0.341,193.693,4,0.617,"Summer Dying Fast",1994
101,"SOQCHGV12AC4688FC6",789426,"No Control","AR0GGKI1187FB391D5",,"",,"Eddie",0.0,230.00771,9,0.858,142.024,4,0.966,"No Control",0
102,"SOEVGMZ12A8C1421B5",474726,"Heaven","ARYJSY01187B9B7C65",,"Locust Ridge TN",,"Dolly Parton",0.0,155.21914,7,0.0,114.027,3,1.0,"Letter To Heaven",1971
103,"SOMJPML12A8C13D74E",162273,"Milan Milan","ARTHKKA122BCFCBF58",,"",,"Milan Band",0.0,152.0322,8,0.656,128.598,5,0.197,"Ciao Milan",0
104,"SOLGRUN12A8C140543",120640,"El Fuego De Dentro","ARTB56G11C8A41569D",,"",,"Sven Tasnadi",0.0,570.90567,7,0.792,122.967,4,1.0,"2190 Dias Contigo",0
105,"SOCGURJ12AB0182AEE",364642,"Up Above My Head","AR77FBJ1187FB49D8D",42.33168,"Detroit MI",-83.04792,"Rance Allen Group",0.0,207.12444,7,0.662,111.316,1,0.0,"Heaven is Where The Heart Is",0
106,"SOEXSIN12A8C133B0A",281713,"Snowflakes","ARAEX7Y1187FB42D36",,"Severn MD",,"Toni Braxton Featuring Shaggy",0.0,219.01016,0,0.782,149.94,4,0.128,"Christmas In Jamaica",2001
107,"SOTSMNJ12AB018365E",492999,"The Out Sound From Way In!","ARK2G5U1187FB46B34",,"",,"Perrey And Kingsley",0.0,127.9473,0,0.655,135.78,4,0.087,"Gossippo Perpetuo",2001
108,"SOXCWTT12AC9075756",785362,"Pentagrammaton","ARZEWUR1187FB53DC8",50.45663,"Belgica -- Namur Namur/Ghent East Flanders",4.87137,"Enthroned",0.0,240.74404,2,0.735,135.535,7,0.583,"The Vitalized Shell",2010
109,"SOAFIPD12A8C13A261",298921,"Pianissimo","AR89DTT1187B9A7ED5",37.77916,"California - SF",-122.42005,"Suzanne Ciani",0.0,192.20853,2,0.523,139.189,3,0.418,"Mozart",1989
110,"SOCVDYI12AC4687DDB",605167,"Auralux Reggae Showcase","ARJDMBO1187B9AD118",,"",,"Johnny Osbourne",0.0,215.30077,3,0.445,163.445,4,0.015,"Lend Me Your Chopper",2004
111,"SOEHWGF12A6D4F8B2B",302176,"Essential R&B Hit Selection","AR6PJ8R1187FB5AD70",,"Barranquilla Colombia",,"Shakira Featuring Wyclef Jean",0.0,217.36444,10,0.805,100.023,4,0.937,"Hips Don't Lie (featuring Wyclef Jean)",0
112,"SOEWQYW12AB0183FDE",517150,"Nha Vit\xc3\xb3ria","AREEMIN11F4C848971",52.1082,"Netherlands",5.32986,"Gil Semedo",0.0,285.36118,11,0.321,150.666,5,1.0,"Festa",0
113,"SOFBQIA12AB0182219",512234,"Gira Me Ver\xc3\xa1s Volver","ARBJSO81187B9BA09B",,"",,"Soda Stereo",0.0,225.12281,11,0.0,175.421,1,0.0,"Te Hacen Falta Vitaminas",1984
114,"SOGXFIF12A58A78CC4",696947,"Hanging On (Premiere Performance Plus Track)","AR5LZJD1187FB4C5E5",35.66693," NC",-80.46935,"Britt Nicole",0.0,204.06812,6,0.606,160.165,4,1.0,"Hanging On (Medium Key Performance Track Without Background Vocals)",0
115,"SOOODKC12AB018462F",409813,"Bravo Alayki Rare recording","ARZ507V1187FB4425E",,"",,"Ragheb Alama",0.0,413.36118,7,0.056,191.196,4,0.0,"A'chek Ouyounik (2009 Digital Remaster)",0
116,"SOOZLTC12A6D4FBE91",124344,"20 Suosikkia / Rautalankaklassikot / Kolme kitaraa","AR4CG3B1187FB5B861",,"California - SF",,"The Avengers",0.0,122.72281,10,0.0,192.688,4,0.671,"Juoksuhauta-twist (El\xc3\xa4m\xc3\xa4 juoksuhaudoissa)",0
117,"SOPBKEB12A6D4FD777",177029,"American Songbook - Bacharach","AREYIHC1187B99CE0B",,"",,"Brazilian Tropical Orchestra",0.0,192.44363,5,0.084,236.006,4,0.761,"One Less Bell To Answer",0
118,"SOIPNSZ12A8C144128",477268,"Grim Prospects Remixes - Prospects Are Getting Grimmer","AR3WMW01187B9921F7",,"",,"Schizoid",0.0,166.00771,5,0.441,86.091,3,1.0,"Grim Prospects (Version 2 Remix)",0
119,"SONWQQX12AC3DF6762",776019,"Fire","ARVNDLR1187B99CA1B",35.30914,"Oklahoma",-98.52102,"Dolce; Oscar G.",0.0,525.16526,11,0.386,127.278,4,0.22,"Fire (Oscar G Space Vocal Mix)",0
120,"SODOLVO12B0B80B2F4",440990,"In Your Honor","AR6XPWV1187B9ADAEB",,"Seattle WA",,"Foo Fighters",0.0,117.002,7,0.458,152.127,4,0.651,"Hell",2005
121,"SOJEVZW12A8C133988",193554,"Signify (Special Edition)","ARYO9BU1187B9ADA88",,"",,"Porcupine Tree",0.0,416.80934,6,0.644,124.04,5,0.82,"Waiting",1997
122,"SOHDDHR12AB0183552",517488,"Scarcity","ARBGJLS11F4C83D4B9",,"",,"Xmilk",0.0,123.66322,9,0.138,104.153,4,0.072,"Sense And Trick",0
123,"SOOSYMY12AB01888CD",762519,"Talk To Your Daughter","AR7BMMV1187FB5B2D7",39.15093,"Ukiah CA",-123.2079,"Robben Ford",0.0,203.98975,11,0.236,154.322,4,0.0,"I Got Over It (Album Version)",1988
124,"SOFDTRZ12AB018DD11",762520,"The Hit List","ARB4D891187B9954F7",,"",,"Saafir",0.0,234.762,5,0.172,188.886,4,1.0,"Crawl Before You Ball (Album Version)",1999
125,"SODBMZD12A8C134232",199953,"Mish Mash_ Le Blues European: Musique Slave Et Klezmer","AROI96Z1187B9A5304",,"",,"Mish Mash",0.0,254.32771,2,0.64,152.005,1,0.605,"Kolomeyke",0
126,"SOSEJIQ12AB017E7EB",547104,"In North Carolina","ARBZAIL1187FB5B1C8",42.31256,"Boston MA",-71.08868,"Bob Margolin",0.0,126.51057,11,0.228,110.168,4,0.92,"You Rascal You",0
127,"SOBUWPY12A8C1446C0",329135,"In this Life","ARIOSKN1257509BCE1",,"",,"Cama",0.0,210.36363,1,0.645,155.074,1,0.0,"In This Life",2009
128,"SOPWKSS12AC468E659",735425,"A Tribute to The American Horse","ARSE6YI1187B9B9CD2",30.2676,"Austin",-97.74298,"James Hunter",0.0,188.73424,2,0.862,114.971,4,0.0,"Cowboy Ways",0
129,"SOOGNJP12A8C1381AD",293668,"Underneath","ARQOC971187B9910FA",42.73383,"Lansing MI",-84.59334,"The Verve Pipe",0.0,292.8322,9,0.295,133.306,4,0.338,"Medicate Myself",2001
130,"SOCRHCQ12A58A7C8C6",46647,"Can We Go Home Now","AR11NP91187B9901B4",,"New York City",,"The Roches",0.0,338.33751,2,0.626,130.027,4,0.509,"Christlike Roche",1995
131,"SOGMXBW12A6D4FB8D7",128198,"Electropop","ARV1P811187FB3CFC6",,"",,"Jupiter Rising",0.0,193.4624,0,0.373,119.979,4,1.0,"They Say (Album)",2007
132,"SORWXUP12A58A79E65",276924,"Best Of Maxi Priest","ARI0PUX1187FB3F215",54.31392,"Great Britain / UK",-2.23218,"Maxi Priest",0.0,301.81832,10,0.683,61.971,1,0.397,"Groovin' In The Midnight",1991
133,"SOFUBCP12A8C13D5EF",117983,"99 Monkeys","AR19SOA1187B98F6E6",40.71455,"New York",-74.00712,"Bob Neuwirth",0.0,241.10975,4,0.965,152.267,3,1.0,"Biding Her Time",1990
134,"SOOPUTF12AB018DFAA",818344,"DUMB: 4-track cassette recordings (1987)","ARIU0MA1187B98D36F",,"",,"Dharma Bums",0.0,127.4771,6,0.81,156.968,1,0.0,"Simon's Folly",0
135,"SOCCQIQ12A8C13C76B",158078,"Mis Momentos","AR6C8EJ1187FB3F473",," Ub\xc3\xa1 Minas Gerais",,"Nelson Ned",0.0,211.80036,9,0.519,144.651,4,0.142,"Brasas Vivas",0
136,"SOMXWXQ12AC3DFA002",683402,"Wintertime","ARWXHRS1241B9C7A1E",,"",,"Thomas Battenstein",0.0,205.58322,9,0.825,97.976,3,1.0,"Sympathy",0
137,"SOVZBDR12A6702012E",6949,"Nothing Else Matters","ARTDBI61187FB48479",42.99671,"Grand Rapids MI",-85.59012,"Marvin Sapp",0.0,270.68036,1,0.33,166.275,4,0.845,"More And More  (LP Version)",0
138,"SOZQDIU12A58A7BCF6",672016,"Strictly Confidential","ARNTLGG11E2835DDB9",,"",,"Clp",0.0,338.31138,6,0.687,125.006,4,1.0,"Superconfidential",0
139,"SOLLHMX12AB01846DC",463514,"The Emperor Falls","AR1Y2PT1187FB5B9CE",27.94017,"Brandon",-82.32547,"John Wesley",0.0,484.62322,4,0.283,138.007,4,0.893,"The Emperor Falls",0
140,"SOBLGCN12AB0183212",652784,"Sue Thompson - Her Very Best","AR47JEX1187B995D81",37.83721,"Nevada MO",-94.35868,"SUE THOMPSON",0.0,124.86485,10,0.697,137.522,4,0.0,"James (Hold The Ladder Steady)",1985
141,"SOBBUGU12A8C13E95D",223365,"Miss Machine","ARMAC4T1187FB3FA4C",40.82624,"Morris Plains NJ",-74.47995,"The Dillinger Escape Plan",0.0,207.77751,7,0.381,166.862,4,0.0,"Setting Fire to Sleeping Giants",2004
142,"SOYTPEP12AB0180E7B",643400,"Best of The Shangri-Las","ARAJPHH1187FB5566A",40.7038,"Queens NY",-73.83168,"The Shangri-Las",0.0,164.80608,10,0.254,130.1,1,0.0,"Twist and Shout",1964
143,"SOBZBAZ12A6D4F8742",59744,"Willie Bobo's Finest Hour","AROUOZZ1187B9ABE51",40.79195,"New York NY [Spanish Harlem]",-73.94512,"Willie Bobo",0.0,168.25424,8,0.812,127.025,4,0.792,"Spanish Grease",1997
144,"SOPSWQW12A6D4F8781",45730,"Live","ARGIWFO1187B9B55B7",,"",,"Five Bolt Main",0.0,225.09669,7,0.53,164.672,1,0.0,"Made Like This (Live)",0
145,"SOZCTXZ12AB0182364",386995,"Un cafe_ setanta matins","AR5KOSW1187FB35FF4",49.80388,"Dubai UAE",15.47491,"Elena",0.0,269.58322,2,0.596,111.874,4,1.0,"Setanta matins",0
146,"SOVYKGO12AB0187199",373723,"Shake A Hand","ARH4Z031187B9A71F2",40.73197,"Newark NJ",-74.17418,"Faye Adams",0.0,156.39465,8,0.569,95.957,3,0.689,"Crazy Mixed Up World",1961
147,"SONYPOM12A8C13B2D7",160881,"The Real Twang Thang","ARDNS031187B9924F0",32.67828,"Georgia",-83.22295,"Tim Wilson",0.0,186.48771,5,0.762,90.022,1,0.971,"I Think My Wife Is Running Around On Me (Taco Hell)",2005
148,"SOOLYAZ12A6701F4A6",12882,"Who Is Mike Jones?","AREBBGV1187FB523D2",,"Houston TX",,"Mike Jones (Featuring CJ_ Mello & Lil' Bran)",0.0,173.66159,7,0.299,41.993,1,0.0,"Laws Patrolling (Album Version)",0
149,"SOGXHEG12AB018653E",663761,"20 Of Her Best","AR0RCMP1187FB3F427",30.08615,"Beaumont TX",-94.10158,"Billie Jo Spears",0.0,133.32853,4,0.384,160.839,1,0.0,"It Makes No Difference Now",1992
150,"SOGNCJP12A58A80271",228326,"Occasional Rain","ARB29H41187B98F0EF",41.88415,"Chicago",-87.63241,"Terry Callier",0.0,342.56934,6,0.381,110.189,3,0.353,"Do You Finally Need A Friend",1972
151,"SOGOSOV12AF72A285E",270281,"Tibiri Tabara","ARGUVEV1187B98BA17",,"",,"Sierra Maestra",0.0,313.12934,9,0.724,189.646,3,0.674,"\xc2\xbfD\xc3\xb3nde va Chichi?",1997
152,"SOCHRXB12A8AE48069",358442,"Total Workout Running 102 - 135 - 84bpm Ideal For Jogging_ Running_ Treadmill & General Fitness","ARTDQRC1187FB4EFD4",,"Los Angeles CA",,"Black Eyed Peas",0.0,229.61587,11,0.205,105.206,4,1.0,"Let's Get It Started",2004
153,"SOTUBVH12AB018D2EC",682725,"Country Lovers. Vol. 3","ARF4V431187FB3AA41",27.94653,"Tampa FL",-82.45927,"Slim Whitman",0.0,195.91791,3,0.883,91.487,4,0.0,"Indian Love Call",1990
154,"SORABMD12A8C136672",200689,"The Very Best Of","ARLWR721187B9A03C9",35.82213,"Humboldt TN",-88.91599,"T.G. Sheppard",0.0,194.11546,5,1.0,82.343,1,0.387,"You Feel Good All Over",2002
155,"SOYMMDY12AB01825B2",325335,"Daddy Don't Disco","ARCFOZ71187FB43A0D",,"",,"The Dirty Skirts",0.0,206.75873,0,0.613,141.936,4,0.634,"Wake",0
156,"SOQGFVO12A8C13C8C3",112851,"Unconditional Love","AR8H87D1187FB3A841",34.03142,"Delight AR",-93.50243,"Glen Campbell",0.0,142.75873,1,0.62,137.29,4,0.0,"I'm Gone This Time",0
157,"SODRHHD12AB0189F2A",664484,"Vendredi 13 - 1981","ARW63KF1187B98AC48",46.71067,"FR",1.71819,"Julien Clerc",0.0,272.63955,2,0.633,119.896,5,0.921,"This Melody (Live)",0
158,"SOOOROX12A6D4F8400",26902,"60's Triple set","ARWY7I71187FB36C3D",40.71455,"New York NY",-74.00712,"Lesley Gore",0.0,136.48934,9,0.386,129.122,1,0.0,"It's My Party",1963
159,"SONRLQH12AB017C232",629785,"It's War Again","ARVQ4QM1187B98AD95",33.52029,"Birmingham AL",-86.8115,"Hank Penny & The Lincoln Penny Orchestra",0.0,123.21914,7,0.278,126.523,1,0.0,"Dixie",0
160,"SOKBBXO12A6701DEA0",15567,"Things Falling Apart","ARK9TRQ1187B99C095",41.50471,"Cleveland OH",-81.69074,"Nine Inch Nails",0.0,426.89261,0,0.05,63.017,4,0.378,"Metal",2000
161,"SOQQVQJ12AB0185192",495734,"Live Inferno","ARYPWUK1187B98ACED",64.55653,"Norway",12.66538,"Emperor",0.0,72.61995,9,0.0,89.867,4,0.476,"Opus a Satana (Part 2)",0
162,"SORENXV12A6701F61F",4967,"What You Thought You Heard","AR9XEVF1187B99D017",,"",,"Borialis",0.0,239.3073,2,0.569,86.938,4,0.222,"Hourglass",0
163,"SOJWQIP12A6D4F710A",82932,"15 Exitos Vol. 2 Flor Silvestre","ARHFEBO11F50C4825A",,"",,"Flor Silvestre",0.0,134.81751,11,0.847,106.049,1,0.0,"Caricia Y Herida",0
164,"SOKLLOH12A67020F2C",220917,"Lullabies To Paralyze","AR6G4V01187B9AD086",,"",,"Queens Of The Stone Age",0.0,288.41751,2,0.08,115.606,4,0.0,"I Never Came",2005
165,"SOHWGFU12AB017B036",435830,"Un Titre de Toune","ARI5P4N1187FB3F44D",,"Minnesota",,"Suburbs",0.0,187.24526,1,0.842,183.92,1,0.063,"Monde De Fou",2005
166,"SONSPZE12AB01819CE",633532,"Yeah.  Well_ Anyway....","AR6Y22S1187B99906F",,"",,"Smartbomb",0.0,233.27302,0,0.53,132.022,4,0.782,"Complicate It",2001
167,"SOMQAGT12A8C132DB4",287804,"Affirmation","ARBGWMW1187B9AEA3E",,"CA",,"Savage Garden",0.0,118.33424,9,0.0,84.69,5,0.678,"You Can Still Be Free",1999
168,"SODDZAD12A6701DC4C",11305,"The Singles","AR9AM2N1187B9AD2F1",53.4796,"Manchester England",-2.24881,"Inspiral Carpets",0.0,283.76771,2,0.823,113.677,4,1.0,"Commercial Reign",1990
169,"SOWHYUG12A58A77FAB",413222,"Your Funeral... My Trial (2009 Digital Remaster)","ARODBRG1187FB3FD99",,"",,"Nick Cave & The Bad Seeds",0.0,269.26975,9,0.052,144.603,4,0.0,"She Fell Away (2009 Digital Remaster)",0
170,"SOYSTDI12A6D4F6500",80578,"Oasis of Love","ARMBYRO1187FB57419",,"",,"Nadine Renee",0.0,249.41669,2,0.883,167.92,4,0.75,"Next Time",0
171,"SOGKIWV12A6D4F86C4",74655,"Too Much Too Soon","ARS1OWB1187B99EEAD",,"New York NY",,"The New York Dolls",0.0,344.05832,11,0.425,154.953,1,0.0,"Human Being",1974
172,"SOTSETT12AB01863B8",575531,"Bluesman","AR5U94U1187FB5CDCF",,"",,"John Hammond",0.0,195.3171,7,0.98,123.142,4,0.678,"I Can't Be Satisfied",2002
173,"SOEPPKB12AB018418B",505301,"Ec8or","AR6IRG41187B9A4D98",52.51607,"Berlin Germany",13.37698,"Ec8or",0.0,217.23383,10,0.005,95.596,4,1.0,"Cocain Ducks",1995
174,"SOTSEJY12AB0180F56",417945,"Greatest Hits","ART3O5Z1187B9AB043",32.77815,"Dallas TX",-96.7954,"Stevie Ray Vaughan",0.0,248.78975,1,0.754,116.721,4,0.522,"Crossfire",1992
175,"SORSECL12AB0182267",644631,"Cracks","ARXUT4W1187FB48BEB",,"",,"Javier Navarrete",0.0,128.83546,3,0.0,90.932,3,1.0,"Midnight Swim",0
176,"SOTUNMH12A6D4FA3E6",234425,"Etiquette","ARRJNTE1187FB44E12",,"",,"Casiotone For The Painfully Alone",0.0,175.72526,0,0.522,141.919,4,0.445,"Nashville Parthenon",2006
177,"SOMSBGZ12AB018C4CB",709879,"The Palest Grey","ARLGWFM1187FB4AC9F",34.05349,"California - LA",-118.24532,"Scarlet's Remains",0.0,198.73914,7,0.673,115.061,4,0.731,"Spin",2007
178,"SOHGKJW12AC468A8BD",782470,"Lo Mejor con La Orq. Broadway","AR6YDKV1187B989230",,"",,"Roberto Torres",0.0,226.66404,0,0.863,117.271,4,0.453,"Sabor Guajiro",0
179,"SOVXMTN12A8C135A18",157648,"Profities","ARNQAVF11F4C844C04",,"",,"Despina Vandi",0.0,303.09832,8,0.532,128.292,4,0.83,"OUTE ENA EFHARISTO",0
180,"SOTWVQT12A58A79650",557761,"A Bothered Mind","AR7TTS41187B9B42D3",34.36401,"Oxford MS",-89.51877,"R.L. Burnside",0.0,277.78567,2,0.0,89.984,4,0.0,"Glory Be",2004
181,"SOFHBAR12A6701D0FE",14592,"Love_ Peace & Nappiness","AROEL1B1187B988B90",,"South Jamaica Queens",,"Lost Boyz",0.0,269.7922,7,0.715,90.218,4,1.0,"Certain Things We Do",1997
182,"SONQBUB12A6D4F8ED0",42595,"Jump Back - The Best Of The Rolling Stones_ '71-'93","ARFCUN31187B9AD578",51.50632,"London England",-0.12714,"The Rolling Stones",0.0,271.49016,9,0.301,139.333,1,0.0,"Angie (1993 Digital Remaster)",0
183,"SOPHYIS12AAF3B35A3",322532,"Bossa Nova Stories","ARGMXQW1187FB54C34",-23.56287,"Sao Paulo Brazil",-46.65466,"Eliane Elias",0.0,251.42812,7,0.391,86.091,5,0.551,"The More I See You",2009
184,"SOJXVAH12A8C139700",244586,"Piouhgd + Widowermaker!","ARPQ4Z01187FB3A736",29.42449,"San Antonio TX",-98.49462,"Butthole Surfers",0.0,450.84689,4,0.726,130.586,4,0.42,"Barking Dogs (From "Piouhgd")",0
185,"SOOGFBZ12AC3DF7FF2",730551,"Pieces Of Time","ARDD1RC1187B9B52B4",,"",,"Jacob Young",0.0,456.30649,1,0.611,89.667,4,0.747,"In A Subtle Way",0
186,"SONYRZV12AB018AF70",706005,"A Match & Some Gasoline","ARWYVP51187B98C516",42.33168,"Detroit MI",-83.04792,"The Suicide Machines",0.0,95.68608,2,0.421,115.887,4,0.744,"Burning In The Aftermath",2003
187,"SOINBCU12A6D4F94C0",28723,"Grown Man","ARV1JVD1187B9AD195",35.91463,"Chapel Hill NC",-79.05661,"Loudon Wainwright III",0.0,190.48444,3,0.544,102.428,4,0.496,"Human Cannonball",1995
188,"SOZEHMC12A6D4F9F30",128122,"Discovering The Waterfront","AR10USD1187B99F3F1",,"Burlington Ontario Canada",,"Silverstein",0.0,229.642,2,0.548,108.499,4,0.785,"Always And Never (Album Version)",2005
189,"SOSTFTW12A8C13B84A",165664,"Samambaia","ARKUP6H1187FB3F8E3",,"",,"Cesar Camargo Mariano/Helio Delmiro",0.0,287.11138,9,0.577,163.167,4,0.0,"Milagre Dos Peixes/ Musica Incidental: Cais/ Music Incidental: San Vicente",0
190,"SOTVEKK12A8C1392E1",293884,"Run DMC","ARX9YIP1187B98A656",,"",,"RUN-DMC",0.0,234.65751,1,0.572,119.67,4,0.686,"Hard Times",1984
191,"SOTYCYE12AC468AA08",783225,"Pink Chokolate!","ARYECMK1187FB5C081",,"Windhoek",,"Lady May",0.0,214.04689,1,0.695,188.056,3,1.0,"The Boss",0
192,"SOYDHCW12A6D4F9A2E",63865,"Blue Velvet","AR1PCLK1187FB5BBFF",40.14323,"New Jersey",-74.72671,"Angelo Badalamenti",0.0,109.37424,6,0.163,61.883,1,0.56,"Jeffrey's Dark Side",1987
193,"SOAKXET12CF5F86E71",386120,"Made In Hong Kong (And In Various Other Places)","AR74Q3R1187B9B24C3",,"Kitee Finland",,"Nightwish",0.0,301.06077,3,0.569,143.97,4,0.456,"Escapist",2007
194,"SOGBJSK12AB018D052",582102,"Windsor Strings","AR0G47L1187B98CC6D",50.91552,"Battle Sussex England",0.48883,"Frank Chacksfield",0.0,151.82322,7,0.569,0.0,1,0.0,"Someone to Watch Over Me",0
195,"SOLHFZF12AB018AB3E",762292,"Disconnected","ARHRP6Q1187FB3F016",43.04181,"Milwaukee WI",-87.90684,"Buzzhorn",0.0,239.98649,9,0.03,144.836,3,0.442,"Pinned To The Ground (album version)",2002
196,"SOHGAJH12A6D4F8F58",47335,"Love That Bert Kaempfert","ARPPURC1187B990FB7",,"",,"Bert Kaempfert And His Orchestra",0.0,163.76118,0,0.377,105.181,1,0.0,"Just As Much As Ever",0
197,"SOYHNTG12A6D4F5703",532741,"Myth Takes","ARTW7I31187B9A4CA9",,"",,"!!!",0.0,143.98649,11,0.673,193.978,4,0.0,"Myth Takes",2007
198,"SOCTSJA12AC9618325",692436,"Please Help Me I'm Fallin'","AR0X3JJ1187FB3A9A7",,"McLellan FL",,"Hank Locklin",0.0,159.03302,9,0.703,165.668,3,0.928,"Filipino Baby",0
199,"SOXIATP12AAF3B2184",617077,"Vanguard Visionaries","ARINEWW1187FB5577E",,"",,"Perrey And Kingsley",0.0,122.64444,0,0.61,102.538,4,0.869,"Spooks In Space",1966
200,"SOMZCVH12AB0182B8E",619882,"The Ultimate Most Relaxing New Age Piano in the Universe","AR89DTT1187B9A7ED5",37.77916,"California - SF",-122.42005,"Suzanne Ciani",0.0,239.59465,7,0.527,106.33,4,0.526,"Stream",0
201,"SODHVES12A6701CE6B",17220,"The Road To Hell Part 2","AR3793X1187FB50CB3",,"Middlesbrough England",,"Chris Rea",0.0,241.162,9,0.222,180.149,4,0.0,"Driving Home For Christmas",1986
202,"SOGNQWU12A8AE4868F",278999,"Be Yourself Tonight","ARDGB6U1187FB3AD07",51.50632,"London England",-0.12714,"Eurythmics",0.0,207.0722,0,0.442,84.164,4,0.853,"Tous Les Gar\xc3\xa7ons Et Les Filles",1985
203,"SOVOLGY12A6D4F822B",38599,"Eat / Kiss: Music For The Films By Andy Warhol","ARUI8651187B9ACF52",,"Garnant Wales",,"John Cale",0.0,228.46649,7,0.458,137.004,1,0.0,"Movement 4 [from Kiss] (Album Version)",1997
204,"SOTNTNJ12AAA15FBD6",321356,"Jeux de dames_ vol. 1 (r\xc3\xa9alisation Ronald Rubinel)","ARZKRD01187FB45FD2",,"",,"Edith Lefel",0.0,276.50567,0,0.29,101.972,4,1.0,"An ti chans'",0
205,"SOLGHDZ12AB0183B11",449471,"Holy Roller Novocaine","ARF2EHS1187B994F4E",36.16778,"Nashville Tennessee",-86.77836,"Kings Of Leon",0.0,187.92444,0,0.612,116.823,4,0.347,"Wicker Chair",2003
206,"SOFGHAM12AB0186412",765750,"Mafu\xc3\xa1","ARUWLCL1187FB549B8",,"",,"Yamandu Costa",0.0,190.04036,2,0.105,205.317,4,0.0,"Mafu\xc3\xa1",0
207,"SONXJBL12AAF3B2C0C",618615,"Classic Gold: Best of All","ARMD0G81187B99A519",,"",,"Vickie Winans",0.0,228.93669,11,0.172,107.961,4,1.0,"Make Me Over",0
208,"SOYWZTU12AB0180E26",681639,"The Berzerker","AR0VZWC1187B99BA57",-37.81753,"Melbourne Australia",144.96715,"The Berzerker",0.0,165.61587,1,0.108,174.287,3,0.132,"Deform (live)",2000
209,"SOYQOFI12A6D4F76E1",19601,"Hometown 2001","AR2J2WF1187FB46271",54.48303,"Egremont Cumbria England",-3.53444,"Francis Dunnery",0.0,300.79955,7,0.666,124.175,4,0.698,"Too Much Saturn",1995
210,"SOCPRKM12AB018A2FD",515081,"Germicide","AR8W8DN1187FB35ED0",34.05349,"Los Angeles CA",-118.24532,"The Germs",0.0,206.05342,11,0.641,133.144,1,0.0,"Forming",1977
211,"SOMJBYD12A6D4F8557",25824,"Da Ghetto Psychic","ARD0S291187B9B7BF5",,"Ohio",,"Rated R",0.0,114.78159,1,0.0,111.787,1,0.0,"Keepin It Real (Skit)",0
212,"SOCIWDW12A8C13D406",300822,"Dimensions","ARMJAGH1187FB546F3",35.14968,"Memphis TN",-90.04892,"The Box Tops",0.0,148.03546,6,0.169,121.274,4,0.384,"Soul Deep",1969
213,"SOQHXMF12AB0182363",539081,"I Need You","ARGSJW91187B9B1D6B",35.21962,"North Carolina",-80.01955,"JennyAnyKind",0.0,218.77506,5,0.354,146.765,1,0.0,"Young Boy Blues",0
214,"SOXVLOJ12AB0189215",514953,"Las Numero 1 De La Sonora Santanera","ARKRRTF1187B9984DA",,"",,"Sonora Santanera",0.0,177.47546,8,0.643,100.07,1,0.0,"Amor De Cabaret",0
215,"SOUDSGM12AC9618304",692313,"Superinstrumental","ARNTLGG11E2835DDB9",,"",,"Clp",0.0,266.39628,7,0.053,114.041,4,0.878,"Insatiable (Instrumental Version)",0
216,"SOIAZJW12AB01853F1",358182,"Pink World","AR8ZCNI1187B9A069B",,"",,"Planet P Project",0.0,269.81832,4,0.717,86.643,4,0.487,"Pink World",1984
217,"SOFSOCN12A8C143F5D",611336,"Muertos Vivos","ARXR32B1187FB57099",,"",,"Gob",0.0,209.60608,2,0.092,129.738,4,0.562,"Face the Ashes",2007
218,"SOMZWCG12A8C13C480",300848,"Fear Itself","ARD7TVE1187B99BFB1",,"California - LA",,"Casual",0.0,218.93179,1,0.736,92.198,4,0.778,"I Didn't Mean To",0
219,"SONHOTT12A8C13493C",287650,"Friend Or Foe","AR7G5I41187FB4CE6C",,"London England",,"Adam Ant",0.0,233.40363,0,0.751,119.293,4,0.0,"Something Girls",1982
220,"SOYMRWW12A6D4FAB14",41838,"Ordinary Day","ARKFYS91187B98E58F",,"",,"Jeff And Sheri Easter",0.0,267.7024,5,0.635,147.782,3,0.454,"The Moon And I (Ordinary Day Album Version)",0
221,"SOHKNRJ12A6701D1F8",8876,"Gin & Phonic","AR10USD1187B99F3F1",,"Burlington Ontario Canada",,"Tweeterfriendly Music",0.0,189.57016,4,0.0,101.43,3,0.408,"Drop of Rain",0
222,"SOFRUDU12A8C13A40C",293622,"RCA Country Legends","AR0X3JJ1187FB3A9A7",,"McLellan FL",,"Hank Locklin",0.0,127.05914,2,0.826,148.357,4,0.097,"We're Gonna Go Fishin'",0
223,"SODJUNF12A8C13337F",282150,"Boo-Tay","ARRA2F91187B9B4061",,"",,"Bare Jr.",0.0,254.79791,10,0.647,107.529,3,1.0,"Naked Albino",1998
224,"SOFGQAP12AB0185946",575880,"In London_ In Love","ARMQ32V1187B9999F3",52.88356,"England",-1.97406,"Norrie Paramor",0.0,163.49995,9,0.753,79.731,4,0.897,"Dearly Beloved",0
225,"SONXLQQ12AB0184B54",472444,"LOOK (Original Motion Picture Soundtrack)","AR035N21187FB3938E",34.23294,"Earth",-102.4102,"BT",0.0,44.35546,1,0.0,136.164,4,0.68,"Robbers Kill Cop",0
226,"SORGLCR12AB0184B69",539974,"Of My Times","AR8EDG51187FB41A08",,"",,"Gary Hobbs",0.0,289.64526,0,0.403,188.502,1,0.0,"The Look Of Love",0
227,"SOVDDWO12A6D4F9A78",46723,"The Best Of Shelley Fabares [Digital Version]","ARSGZ3J1187FB3E610",34.01156,"Santa Monica CA",-118.49229,"Shelley Fabares",0.0,143.0722,0,0.675,99.408,4,1.0,"Johnny Loves Me (LP Version)",0
228,"SORAJXA12A58A7A4C9",71267,"A Nite On The Strip - Live","ARHONG11187FB3B120",29.78772,"katy",-95.82333,"L.A. Guns",0.0,201.09016,5,0.608,102.259,3,1.0,"Bitch Is Back",1988
229,"SOVQZYP12A8C144692",614890,"Take A Look","ARBM4TC1187FB5CE98",,"Los Angeles CA",,"Natalie Cole",0.0,185.7824,8,0.015,88.489,1,0.249,"Take A Look  (LP Version)",0
230,"SOHTWLT12A8C13CFE1",307651,"Pearl Jam","ARFVYJI1187B9B8E13",47.60356,"Seattle WA",-122.32944,"Pearl Jam",0.0,428.56444,4,0.743,105.994,3,1.0,"Inside Job",2006
231,"SOKPHVH12AB0187460",763206,"Relax","ARA0H5U1187FB47949",,"",,"2-4 Grooves feat. Reki D.",0.0,203.83302,4,0.648,126.941,4,1.0,"Relax",2009
232,"SOOQHNV12AB0186CD4",554760,"Matumago X Press","ARULHJM1187B997004",,"",,"Word",0.0,229.51138,9,0.457,187.807,4,0.381,"Amalgama",0
233,"SOTHWPG12AB018C90E",767591,"Behind The Blue","ARYXJ5A1187B9B9E56",36.69094,"Jerez De La Frontera (C\xc3\xa1diz)",-6.13487,"Kiril Valeri",0.0,306.72934,11,0.0,96.007,4,0.906,"Bulgarian Dream",0
234,"SOSGXRU12AAF3B2B07",528941,"The Best of DJ Quik - Da Finale","AROTIMO1187FB532BF",,"Compton CA",,"DJ Quik",0.0,205.58322,7,0.025,181.115,4,0.701,"Born and Raised In Compton",1991
235,"SOAYYDM12AB01817E6",329967,"Enjoy!","ARANOZN1187B9B373E",,"Los Angeles CA",,"Descendents",0.0,140.66893,6,0.006,89.495,4,0.614,"Orgofart",1986
236,"SOIUGDX12A6D4FDECA",239244,"Joy In Our Hearts - The Gospel Side Of The Jordanaires","AR358YS1187FB44A29",37.20897,"Springfield MO",-93.29156,"The Jordanaires",0.0,176.50893,5,0.526,159.582,3,1.0,"Sweet By And By",0
237,"SOHHANU12A58A77C66",538734,"Crack The Skye","ARMQHX71187B9890D3",,"Atlanta GA",,"Mastodon",0.0,654.28853,7,0.539,118.433,4,0.802,"The Czar: Usurper/Escape/Martyr/Spiral (Album Version)",2009
238,"SODYZIU12A8C13FBD9",223563,"Call of the Mastodon","ARMQHX71187B9890D3",,"Atlanta GA",,"Mastodon",0.0,233.58649,2,0.604,89.78,4,0.0,"Shadows That Move",2001
239,"SOZWHVZ12A6D4F90E7",53563,"Window In The Skies","ARUJ5A41187FB3F5F1",,"Dublin Ireland",,"U2",0.0,485.19791,3,0.878,134.083,4,0.662,"Kite Live from Sydney",2007
240,"SOHULHF12AB017F6CF",443790,"Bahamian Songs","AR97EHA1187B98AD5F",30.33138,"Jacksonville FL",-81.6558,"Blind Blake & The Royal Victoria Hotel Calypsos",0.0,151.53587,7,0.497,101.492,4,1.0,"Oh Look Misery",0
241,"SOVHRBI12A81C22E02",282711,"Untitled","ARMBTFC1187FB56343",,"Bakersfield CA",,"Korn",0.0,288.49587,10,0.439,160.022,3,0.719,"Ever Be",2007
242,"SOEETVW12A6D4F93B8",27997,"Extreme","AR5J8XN1187B9B712E",,"",,"Extreme",0.0,181.55057,1,0.306,120.097,4,0.194,"Teacher's Pet",0
243,"SOKLQWF12A8C1423F2",428274,"Jerry Butler Selected Hits Vol. 4","AR8XG9J1187FB418C1",33.54243,"Sunflower MS",-90.53727,"Jerry Butler",0.0,155.74159,2,0.426,105.24,4,0.0,"Moon River - Original",0
244,"SOBMHTY12AC9097B7C",785416,"Live From Dublin","AREW1KO1187B98E42E",,"",,"The Irish Tenors",0.0,100.85832,10,0.045,152.258,4,0.487,"Mountains Of Mourne",0
245,"SOVTGXQ12A6D4FB9CA",64098,"Aliens - The Deluxe Edition","ARBM57Q1187B9AF97C",34.05349,"Los Angeles CA",-118.24532,"James Horner",0.0,191.81669,9,0.137,90.084,1,0.342,"Atmosphere Station",1986
246,"SOFWWGY12AB0185BC5",708314,"A Jerome Kern Songbook","ARFTMGO1187B9A777A",43.64856,"Toronto Ontario Canada",-79.38533,"Percy Faith",0.0,160.28689,0,0.837,86.141,4,0.77,"Yesterdays",0
247,"SOQBQWN12AB0186782",585535,"Tales From The Sick","ARE1N571187B98A47D",51.50632,"London",-0.12714,"Prozak",0.0,173.24363,8,0.364,88.835,4,0.854,"Go To Hell",0
248,"SOLKTEK12AB018BE1A",570488,"Mind Control","ARED2DG1187FB3CB4D",,"",,"Tantric",0.0,177.24036,2,0.796,106.698,1,0.792,"Walk Away",2009
249,"SOQAHUW12AB0181F04",508052,"Nuestra Tradici\xc3\xb3n","ARE2BVT1187B9AC9A2",,"",,"Little Joe",0.0,239.01995,5,0.606,106.398,3,1.0,"Loco (Crazy)",0
250,"SOJTIKK12A8C13B15E",263915,"L'enqu\xc3\xaate corse - bof","AR4B3RX1187B9A868A",,"",,"Alexandre Desplat",0.0,70.26893,7,0.417,128.173,4,0.189,"Palmer enqu\xc3\xaate",2004
251,"SORQLMX12A8C133FCD",150354,"L'essentiel 2003","ARHSS201187B98A8CC",,"",,"Yvette Horner",0.0,148.03546,7,0.881,162.385,1,0.0,"La Plus Bath Des Javas",0
252,"SOJRCDU12AB0189D27",466577,"One World One People","ARNIFX51187FB418EA",,"",,"Xcultures",0.0,38.3473,9,0.054,107.177,7,0.545,"Smile",2000
253,"SOLWQFA12AB01899E8",650697,"EQUALIZE","ARXG6L11187FB5695E",52.47859,"Birmingham/ London UK",-1.9086,"SWAMI featuring Asuivre",0.0,260.28363,10,0.014,90.008,4,0.676,"Give It What U Got",2007
254,"SODTRPJ12A8C1377E9",355081,"Oh My God","AR1QXAQ1187FB47FAC",,"Brookyln NY",,"Sticky Fingaz",0.0,266.4224,6,0.358,80.149,4,1.0,"Oh My God",2000
255,"SOENDOQ12A8C139A41",296873,"Seasons Of The Soul","ARU0HTX1187B98B4C6",34.05349,"California - LA",-118.24532,"Lisa Lynne",0.0,316.49914,2,0.6,95.981,4,0.186,"Isla del Luna",1999
256,"SOWHAEF12A8C13EF0C",163436,"Realive Tour 2002 -Odoranya Son Son- in Tokyo","ARVMPJC1187FB3B954",,"",,"Pe'z",0.0,252.57751,0,0.194,75.955,5,0.866,"Spirit",0
257,"SOFVRCJ12AB018B4DA",711137,"Road House","AR76DOS1187FB5AE78",,"",,"The Jeff Healey Band",0.0,313.7824,7,0.241,107.197,3,1.0,"Hoochie Coochie Man",1989
258,"SOAMXQV12AB018775F",570453,"King Of Myself","ARO2EDF1187B993BD8",,"",,"The Black Velvet Band",0.0,256.39138,9,0.59,122.174,4,0.302,"Dancing To A Standstill",0
259,"SOYUFEN12AB018BF99",816238,"Dance Tribute to Lady Gaga Vs Black Eyed Peas","AREHMUC1187B98B91B",,"",,"Java",0.0,356.41424,1,0.651,130.861,4,0.132,"Don't Phunk With My Heart",0
260,"SORWMLD12A8C137D1A",291030,"Thisia Live","AR4OHL91187B9B2EB9",,"",,"Angela Dimitriou",0.0,265.37751,9,0.446,124.177,4,0.681,"Ftei O Erotas",0
261,"SOFHQCR12A8C138A74",160060,"Bebop Moptop","AR6QQY41187B990574",56.46137,"Dundee Scotland",-2.96761,"Danny Wilson",0.0,167.20934,7,0.605,196.034,4,0.868,"The Second Summer Of Love",1989
262,"SOCPGVG12AB018AA84",569125,"Bach: Organ Works Vol.2","ARN8NCB1187FB49652",46.20835,"Geneva Switzerland",6.1427,"Lionel Rogg",0.0,240.61342,0,0.314,64.401,4,0.0,"Prelude And Fugue In C Major BWV 531 : Fugue",0
263,"SOXSLOL12AB0188039",755801,"Music Cafe","ARHNL9K1187FB5730C",,"",,"Stephy Tang",0.0,214.12526,4,0.272,105.196,1,0.569,"Leng Jing",0
264,"SOTTXNS12AB0187861",424081,"Steady On","ARDW5AW1187FB55708",42.78668,"Vermillion SD",-96.92803,"Shawn Colvin",0.0,224.60036,8,0.719,210.871,4,1.0,"Another Long One",1989
265,"SOKPFTZ12A6D4FA141",51405,"A Classic Christmas","ARKSBCO1241B9CE46E",,"",,"Dame Joan Sutherland / New Philharmonia Orchestra / Richard Bonynge",0.0,111.0722,6,0.103,82.422,4,0.377,"Joy To The World",0
266,"SOPUQFS12A8C13DE1E",220650,"That Which Does Not Kill You...Can Only Make You Stronger : Three Way Split","ARU22AM1187B9961EA",,"",,"React",0.0,120.2673,10,0.634,143.231,1,0.0,"Drunk Alone",0
267,"SOQZHMH12A8C13A393",259476,"Leland Martin","ARFS01P1187B9A395A",42.17963,"Blandford MA",-72.92483,"Leland Martin",0.0,175.62077,4,0.852,159.968,4,0.415,"Stone Cold Fingers (Bonus Track)",0
268,"SOGOJBW12AB018513B",512027,"Seu Olhar N\xc3\xa3o Mente","ARAR4YH1187B98BF2A",,"",,"Fl\xc3\xa1vio Jos\xc3\xa9",0.0,252.02893,3,0.372,168.323,4,0.484,"Jogo Limpo",0
269,"SOXNMDZ12A6D4FA20D",64434,"The Scott Wesley Brown Collection: A Library of 35 Favorite Songs","AR9AN471187B99E0DA",33.74831,"Atlanta Georgia USA",-84.39111,"Scott Wesley Brown",0.0,295.60118,2,0.783,137.288,4,0.471,"All Rise",0
270,"SONNOCP12A8C145220",737947,"Never Be Scared / Don't Be A Hero","AR567PN1187FB4B4F2",,"",,"Moss",0.0,329.35138,2,0.144,111.079,4,0.599,"Silent Hill",2009
271,"SOUDHTP12AB0183403",495799,"S'Wonderful Movie'n Bossa","ARYKF861187B99C74B",,"",,"Pery Ribeiro",0.0,180.00934,0,0.097,133.009,4,0.682,"Our Love Is Here To Stay",0
272,"SOZFCNC12A6D4F76F3",23134,"Endless","AR5MK521187B98E0B8",51.50632,"London England",-0.12714,"Heaven 17",0.0,255.16363,7,0.473,150.837,4,0.466,"(We Don't Need This) Fascist Groove Thang",1981
273,"SOGTLVU12A8AE47D5D",237520,"Texas Songster","AR93RTI1187B98ECFB",30.38815,"Navasota TX",-96.0878,"Mance Lipscomb",0.0,187.53261,11,0.681,97.981,1,0.0,"Going Down Slow",2000
274,"SOHXKAN12AC46872F1",789959,"Os so\xc3\xb1os que volven","ARGTUWC1187B9904A0",,"",,"Susana Seivane",0.0,350.71955,10,0.881,152.013,4,1.0,"Para Milladoiro",2010
275,"SOPNRDT12AB018A2D8",515188,"Break The Night","ARTB56G11C8A41569D",,"",,"Sven Tasnadi",0.0,557.26975,11,0.259,123.993,4,0.302,"Charisma",0
276,"SOLEYPL12A6D4F83CE",534031,"For Screening Purposes Only","ARGWIHH1187B9A79B0",,"",,"Test Icicles",0.0,190.24934,4,0.441,75.031,4,1.0,"Snowball",2005
277,"SOTWWBZ12AB01845E0",457879,"Bone To Pick","ARSF4161187B9B449F",,"",,"The Gone Jackals",0.0,229.79873,4,0.685,135.175,3,0.639,"Not Buried Deep Enough",1995
278,"SOMISOP12AC468D9D5",599989,"The Way West","ARHSAFX1187B98E89A",31.1689,"Texas",-100.07715,"Brian Keane",0.0,133.53751,4,0.0,117.667,3,0.255,"Battle Of The Rosebud / Cries",0
279,"SOQDTZG12A8C1442E3",319844,"Music Of The Brazilian Masters","ARCLCFS1187B9AE476",-23.56287,"Sao Paulo Brazil",-46.65466,"Laurindo Almeida / Carlos Barbosa-Lima / Charlie Byrd",0.0,286.14485,9,0.206,169.775,3,0.1,"Ernesto Nazareth",0
280,"SOJKDKH12A58A761A2",223472,"Apogee","ARRH2S81187B98C8AA",43.07295,"Madison Wisconsin",-89.38669,"Bongzilla",0.0,397.26975,9,0.535,95.882,4,0.0,"Witch Weed (Live)",1999
281,"SOKHVZO12AB0184C4D",775316,"PeeBoy EP","ARILV5E1187B9959C8",,"",,"Boogie Pimps",0.0,415.03302,1,0.46,83.326,3,1.0,"Get Back Down",0
282,"SOIFOLA12AB017CDA1",333103,"To Live Alone","ARWAPYC1187FB3FCAF",,"",,"S.U.P",0.0,384.70485,11,0.582,137.862,4,0.0,"The Cube (Live)",2001
283,"SOCQWKZ12A8C13CE4C",105115,"RoadKillOvercoat","ARU9KWP1187B98B2A7",,"",,"Busdriver",0.0,192.1824,6,0.211,155.038,4,0.41,"(Bloody Paw On The) Kill Floor",2007
284,"SOQPJUL12AB0189379",667517,"Zlatni hitovi '90 1","ARTFLEU1269FCD1FE3",,"",,"Ana Bekuta",0.0,145.57995,0,0.757,160.261,5,0.182,"Kako mi je pitas sad",0
285,"SOOZKNQ12A6D4F6FD4",80339,"Suburban","ARGR9FY1187FB4D0E7",,"Poza Rica MX",,"Aberdeen",0.0,266.70975,9,0.731,90.908,3,1.0,"Beyond the Light",0
286,"SOOIZTH12AB018C12E",752185,"This DJ","ARHXBJI1241B9C8B7F",,"",,"DJ Dips",0.0,240.3522,1,0.611,86.689,3,0.859,"Gerra De De",0
287,"SOIKIJC12AC3DFB3D2",603055,"Peace At Last - EP","ARC6UC81187B989062",40.71455,"NY - New York City",-74.00712,"Hem",0.0,133.27628,5,0.783,89.86,1,0.368,"Have Yourself A Merry Little Christmas",2005
288,"SOGDFIT12AB018528B",340310,"Light Flight - The Anthology","ARVKAWO11F50C47C9A",,"",,"Pentangle",0.0,228.51873,5,0.579,179.501,1,0.0,"Rain And Snow",0
289,"SONETAN12A58A7ACEB",142192,"Addressing The Nation With The Blues","ARZ05QG1187FB3843E",31.55379,"Monticello MS",-90.10785,"Byther Smith",0.0,418.87302,1,0.826,117.168,3,1.0,"I Wish My Mother Was Here",1989
290,"SOUJISW12CF4E09416",146503,"Surprise","ARASSX21187FB528B7",52.8029,"Stafford England",-2.10633,"Bizarre Inc",0.0,420.10077,11,1.0,139.91,4,1.0,"Miracle",1996
291,"SOFJNQR12A6D4FAE92",435050,"Alright_ Still (Deluxe)","ARKZJ301187FB521B2",,"LDN",,"Lily Allen",0.0,264.69832,9,0.594,156.097,4,1.0,"U Killed It",2006
292,"SOKEXTF12A8C13AE7E",296995,"Lagrimas Negras","ARTEGHH1187FB435C8",,"",,"Bebo & Cigala",0.0,198.26893,2,0.414,132.967,1,0.405,"Inolvidable",2003
293,"SOMBQEO12A8C135018",150501,"Miles To Miles","AR0LVFQ1187B9A84E0",40.71455,"NY - New York City",-74.00712,"Jason Miles",0.0,235.80689,10,0.391,101.03,4,0.58,"Voices On The Corner",0
294,"SOKZTUH12AB018B938",816840,"Strictly Trucking","AR87OXB1187FB39E0B",,"",,"The Willis Brothers",0.0,150.64771,7,0.804,121.983,3,0.852,"Give Me 40 Acres (To Turn This Rig Around)",0
295,"SODULLV12AB017FA09",502384,"What up Detroit","ARTHEAP122BCFCD0B2",,"",,"DJ X-Change featuring DJ Joey A",0.0,184.31955,6,0.0,150.012,4,0.0,"Come Over",0
296,"SOOGQWR12A8C142505",372122,"Final Vinyl","AREOGMA1187B9908EF",37.77916,"San Francisco CA",-122.42005,"Hot Tuna",0.0,239.59465,0,0.601,172.398,1,0.0,"Candy Man",1971
297,"SOYZOXW12A8C13E195",266932,"Donny Hathaway","ARTB5PP1187FB523B7",41.88415,"Chicago IL",-87.63241,"Donny Hathaway",0.0,283.21914,2,0.499,111.191,3,0.851,"Little Girl (LP Version)",1971
298,"SORXUZZ12A8AE4798A",138320,"Homemade Ice-Cream","ARCZ20M1187FB49687",32.77942,"Goodwill LA",-91.56123,"Tony Joe White",0.0,162.53342,2,0.243,173.482,4,0.804,"I Want Love (Tween You & Me) (Album Version)",0
299,"SOBHQUF12AB018B03E",572855,"The Early Tapes 1975-1976","AR8YV1I1187FB45D2B",40.71455,"New York NY",-74.00712,"Rory Block",0.0,266.05669,1,0.936,90.101,1,0.0,"Three Is a Crowd",0
300,"SOBHVZQ12AC9618285",784530,"Feel Good All Over: Anthology 1970-1976","AR3PN3R1187FB4CEBD",18.01571,"Kingston Jamaica",-76.79731,"Horace Andy",0.0,176.27383,2,0.171,151.911,4,0.231,"Thank You Lord",1985
301,"SOFRAZJ12A8C143CDB",523481,"Legacy","ARR9XGB1187B9912E6",,"Philadelphia PA",,"Boyz II Men",0.0,329.27302,8,0.497,116.473,4,1.0,"On Bended Knee",1994
302,"SOYAGJM12A8C13DCCE",254792,"Peterbilt Angel","ARQESNI1187FB511EE",38.8991,"Washington DC",-77.029,"Morel",0.0,311.40526,10,0.685,108.367,4,0.36,"Blue Taxi",0
303,"SOGQTRZ12A8C13C8B0",307618,"Timeless","ARF3GX71187FB3EB66",,"Medicine Lodge KS",,"Martina McBride",0.0,261.95546,7,0.96,100.194,3,1.0,"I Can't Stop Loving You",2005
304,"SOJDYQY12AB0188C97",577023,"Fifteen Poems By Dylan Thomas","AR4ABL21187FB3913A",40.99471,"Pennsylvania",-77.60454,"Richard Burton",0.0,171.49342,2,0.45,109.823,3,0.659,"I See The Boys Of Summer",0
305,"SOYPBCY12AB0181EF3",534470,"13th And Pine","ARYWCFZ11E2835CFDD",,"",,"Nazz",0.0,220.89098,9,0.606,119.691,4,0.491,"How Can You Call That Beautiful (Stewkey Vocal)",0
306,"SOCHXAE12AF72A25D6",722546,"White Feather","ARDF8K01187FB37200",,"Sydney Australia",,"Wolfmother",0.0,212.37506,4,0.372,110.745,4,1.0,"White Feather",2009
307,"SOBQBWP12AB018611B",421962,"Irfan_ le h\xc3\xa9ros","ARVEJ9M1187FB4DC44",,"",,"Les Ogres De Barback",0.0,254.06649,4,0.446,137.888,1,0.0,"Niev nietch nievitch",1999
308,"SONNDHT12A8C13F20B",219943,"Louie Bluie Film Soundtrack","ARBKUS51187B98A3AC",35.4948,"Dayton TN",-85.01235,"Howard Armstrong",0.0,198.922,9,0.0,126.821,4,0.0,"My Four Reasons",0
309,"SOSGJTX12AB0181F7C",514801,"Canciones De Amor De Miguel Gallardo","ARXFQDY1187B9AAF1E",,"",,"Miguel Gallardo",0.0,238.68036,5,0.458,125.508,4,0.462,"Eternamente Amame",0
310,"SOWRLSY12AC4687694",599659,"Call Tyrone","ARUT16P1187FB532A4",33.39847,"Greenville MS",-91.03786,"Tyrone Davis",0.0,235.91138,10,0.46,161.976,4,0.696,"Cheatin' In The Next Room",0
311,"SOLRYQR12A670215BF",7133,"The Best Of Both Worlds","ARNLO5S1187B9B80CC",,"Pasadena CA",,"Van Halen",0.0,209.29261,8,0.455,140.995,1,0.41,"Panama (Remastered Album Version)",0
312,"SOIJXXM12A8C1416D6",223779,"The Man from Snowy River","ARRC2JF1187B9B6A93",-24.9162,"AUSTRALIA",133.39311,"Bruce Rowland",0.0,84.03546,7,0.469,115.642,4,0.44,"Rosemary Recalls",1985
313,"SOHMMMC12AB0181C42",466577,"One World One People","ARNIFX51187FB418EA",,"",,"Xcultures",0.0,273.52771,1,0.652,125.013,4,1.0,"Sudanese Dance",2000
314,"SOPIKEG12A58291636",104765,"White Trash ......","AR06EB01187FB40150",,"Berkeley CA",,"NOFX",0.0,144.50893,4,0.093,152.622,4,0.358,"Stickin In My Eye",1992
315,"SOXZXXV12AAF3B3A67",530141,"I Will Love Again","ARK4H5K1187B992F74",,"",,"Taras",0.0,200.25424,11,0.056,127.97,4,0.0,"I Will Love Again (JJ's Club Radio)",0
316,"SOVJXVJ12A8C13517D",148547,"Tales Of Wonder","ARCCRTI11F4C845308",,"",,"White Heart",0.0,298.84036,5,0.596,113.277,4,0.872,"Where The Thunder Roars (Tales Of Wonder Album Version)",0
317,"SOFZCTA12AB0188D8F",423012,"Waterbed Hev","ARNVH8S1187FB52F86",18.11526,"Jamaica West Indies",-77.27348,"Heavy D / McGruff",0.0,161.38404,5,0.665,96.979,4,0.895,"Wanna Be A Player",1997
318,"SOIRNBO12AC468D207",695158,"Murskapunkkia","ARKPDBH1242077DEB1",,"",,"Murskahumppa",0.0,285.17832,7,0.379,110.787,3,1.0,"Ota kiinni",0
319,"SOSBDSF12AB0189007",509770,"Canci\xc3\xb3n Animal","ARBJSO81187B9BA09B",,"",,"Soda Stereo",0.0,246.69995,7,0.161,112.903,4,1.0,"Entre Can\xc3\xadbales",1990
